ADM1_EN,ADM1_PCODE,Age,Sex,2015,2016,2017,2018,2019,2020
Centre,BF13,0,male,150270.188183354,165937.090188579,168548.240522783,171159.390856987,173770.541191191,163325.939854375
Centre,BF13,5-9,male,116207.380621528,140631.899051902,144702.652123631,148773.40519536,152844.158267089,136561.145980173
Centre,BF13,95-99,male,0,0,0,0,0,0
Centre,BF13,100-104,male,0,0,0,0,0,0
Centre,BF13,105-109,male,0,0,0,0,0,0
Centre,BF13,110-114,male,0,0,0,0,0,0
Centre,BF13,115-119,male,0,0,0,0,0,0
Centre,BF13,120-124,male,0,0,0,0,0,0
Centre,BF13,125-129,male,0,0,0,0,0,0
Centre,BF13,10-14,male,127435.587861472,112703.835874847,110248.543877076,107793.251879305,105337.959881534,115159.127872618
Centre,BF13,15-19,male,133447.438660094,124359.049661702,122844.318161971,121329.586662239,119814.855162507,125873.781161434
Centre,BF13,20-24,male,120484.792903411,133478.495358864,135644.112434773,137809.729510681,139975.34658659,131312.878282955
Centre,BF13,25-29,male,95915.7540647895,122715.201875457,127181.776510568,131648.351145679,136114.925780791,118248.627240346
Centre,BF13,30-34,male,70616.4253243828,98525.1827956024,103176.642374139,107828.101952676,112479.561531212,93873.7232170658
Centre,BF13,35-39,male,54041.4527320853,71725.6580481006,74673.0256007698,77620.3931534391,80567.7607061083,68778.2904954314
Centre,BF13,40-44,male,39513.9000430064,54730.8507708153,57267.0092254501,59803.1676800849,62339.3261347197,52194.6923161805
Centre,BF13,1-4,male,137998.709655146,148023.620897151,149694.439437486,151365.25797782,153036.076518154,146352.802356817
Centre,BF13,45-49,male,30176.6220130419,39151.8352198342,40647.704087633,42143.5729554317,43639.4418232304,37655.9663520355
Centre,BF13,50-54,male,20930.6302208004,29605.5625580277,31051.3846142323,32497.2066704368,33943.0287266414,28159.7405018232
Centre,BF13,55-59,male,15310.0061552771,19612.3879200421,20329.451547503,21046.5151749638,21763.5788024246,18895.3242925813
Centre,BF13,60-64,male,10171.8950605759,13670.4866468517,14253.5852445643,14836.6838422769,15419.7824399895,13087.388049139
Centre,BF13,65-69,male,6546.52733385783,8180.13019838927,8452.39734247785,8724.66448656642,8996.93163065499,7907.8630543007
Centre,BF13,70-74,male,3155.89564699919,4538.12472733034,4768.49624071887,4998.86775410739,5229.23926749592,4307.75321394182
Centre,BF13,75-79,male,1995.25633880527,1487.32268557348,1402.66707670152,1318.01146782955,1233.35585895759,1571.97829444545
Centre,BF13,80-84,male,0,777.242750390089,906.783208788437,1036.32366718679,1165.86412558513,647.702291991741
Centre,BF13,85-89,male,0,0,0,0,0,0
Centre,BF13,90-94,male,0,0,0,0,0,0
Centre,BF13,20-24,female,112894.994281289,144681.09811509,149978.78208739,155276.466059691,160574.150031991,139383.41414279
Centre,BF13,25-29,female,79405.9859280086,116918.61926986,123170.724826835,129422.83038381,135674.935940786,110666.513712885
Centre,BF13,0,female,143854.069760529,160453.509946109,163220.083310372,165986.656674635,168753.230038898,157686.936581845
Centre,BF13,5-9,female,131504.345885702,137906.93751388,138974.036118577,140041.134723273,141108.23332797,136839.838909184
Centre,BF13,95-99,female,0,0,0,0,0,0
Centre,BF13,100-104,female,0,0,0,0,0,0
Centre,BF13,105-109,female,0,0,0,0,0,0
Centre,BF13,110-114,female,0,0,0,0,0,0
Centre,BF13,115-119,female,0,0,0,0,0,0
Centre,BF13,120-124,female,0,0,0,0,0,0
Centre,BF13,125-129,female,0,0,0,0,0,0
Centre,BF13,10-14,female,155030.113436059,125117.503304936,120132.068283083,115146.633261229,110161.198239375,130102.93832679
Centre,BF13,15-19,female,141819.690748414,155148.031280811,157369.421369543,159590.811458276,161812.201547009,152926.641192078
Centre,BF13,80-84,female,0,1453.15454249695,1695.34696624644,1937.53938999593,2179.73181374542,1210.96211874746
Centre,BF13,85-89,female,0,0,0,0,0,0
Centre,BF13,30-34,female,57901.5564986629,81638.978156402,85595.2150993585,89551.452042315,93507.6889852716,77682.7412134455
Centre,BF13,35-39,female,46751.5946053393,58442.8622959162,60391.4069110124,62339.9515261085,64288.4961412047,56494.3176808201
Centre,BF13,40-44,female,34101.9302351359,47670.7980147517,49932.275978021,52193.7539412903,54455.2319045596,45409.3200514824
Centre,BF13,1-4,female,138572.508863692,140296.888267646,140584.284834972,140871.681402297,141159.077969623,140009.49170032
Centre,BF13,45-49,female,25195.0016115803,34379.1853646633,35909.8826568439,37440.5799490244,38971.2772412049,32848.4880724828
Centre,BF13,50-54,female,18152.920415797,25048.2983318334,26197.5279845061,27346.7576371788,28495.9872898515,23899.0686791606
Centre,BF13,55-59,female,16053.3369481653,16879.2932830189,17016.9526721612,17154.6120613035,17292.2714504457,16741.6338938767
Centre,BF13,60-64,female,10041.4861495429,14865.7008139619,15669.736591365,16473.7723687682,17277.8081461714,14061.6650365587
Centre,BF13,65-69,female,7576.75773101872,8101.23187212388,8188.64422897474,8276.0565858256,8363.46894267646,8013.81951527302
Centre,BF13,70-74,female,4433.90297512283,5276.38807558409,5416.8022589943,5557.21644240451,5697.63062581472,5135.97389217388
Centre,BF13,75-79,female,3507.99970678836,2052.87719017274,1810.35677073681,1567.83635130087,1325.31593186493,2295.39760960868
Centre,BF13,90-94,female,0,0,0,0,0,0
Boucle du Mouhoun,BF46,0,male,174943.554150802,164297.138914679,162522.736375325,160748.333835971,158973.931296617,166071.541454033
Boucle du Mouhoun,BF46,5-9,male,128609.268060769,171973.060514787,179200.359257123,186427.65799946,193654.956741796,164745.761772451
Boucle du Mouhoun,BF46,0,female,169114.275827626,158582.434751803,156827.127905832,155071.821059862,153316.514213891,160337.741597773
Boucle du Mouhoun,BF46,5-9,female,113116.689430045,166850.771031176,175806.451298031,184762.131564886,193717.811831741,157895.090764321
Boucle du Mouhoun,BF46,95-99,female,0,0,0,0,0,0
Boucle du Mouhoun,BF46,100-104,female,0,0,0,0,0,0
Boucle du Mouhoun,BF46,105-109,female,0,0,0,0,0,0
Boucle du Mouhoun,BF46,110-114,female,0,0,0,0,0,0
Boucle du Mouhoun,BF46,115-119,female,0,0,0,0,0,0
Boucle du Mouhoun,BF46,120-124,female,0,0,0,0,0,0
Boucle du Mouhoun,BF46,125-129,female,0,0,0,0,0,0
Boucle du Mouhoun,BF46,10-14,female,89617.0036618944,116369.947788642,120828.771809766,125287.595830891,129746.419852016,111911.123767517
Boucle du Mouhoun,BF46,15-19,female,83983.3387052678,89284.0269125543,90167.474947102,91050.9229816498,91934.3710161975,88400.5788780065
Boucle du Mouhoun,BF46,20-24,female,69612.2767094285,85125.5657247244,87711.1138939404,90296.6620631564,92882.2102323724,82540.0175555084
Boucle du Mouhoun,BF46,25-29,female,55658.5232288949,70753.5101383273,73269.3412898994,75785.1724414714,78301.0035930435,68237.6789867552
Boucle du Mouhoun,BF46,95-99,male,0,0,0,0,0,0
Boucle du Mouhoun,BF46,100-104,male,0,0,0,0,0,0
Boucle du Mouhoun,BF46,105-109,male,0,0,0,0,0,0
Boucle du Mouhoun,BF46,110-114,male,0,0,0,0,0,0
Boucle du Mouhoun,BF46,115-119,male,0,0,0,0,0,0
Boucle du Mouhoun,BF46,120-124,male,0,0,0,0,0,0
Boucle du Mouhoun,BF46,125-129,male,0,0,0,0,0,0
Boucle du Mouhoun,BF46,10-14,male,102344.913378718,132469.964445751,137490.806290257,142511.648134762,147532.489979268,127449.122601246
Boucle du Mouhoun,BF46,15-19,male,74359.1610710305,106436.529479972,111782.757548129,117128.985616286,122475.213684443,101090.301411815
Boucle du Mouhoun,BF46,20-24,male,58084.1289741091,76186.0923777544,79203.086278362,82220.0801789695,85237.0740795771,73169.0984771469
Boucle du Mouhoun,BF46,25-29,male,47364.5164871945,58933.6665320846,60861.858206233,62790.0498803813,64718.2415545297,57005.4748579363
Boucle du Mouhoun,BF46,30-34,male,38444.5469725356,47937.9100193099,49520.1371937723,51102.3643682346,52684.591542697,46355.6828448475
Boucle du Mouhoun,BF46,35-39,male,33528.1310265906,38226.6418697594,39009.7270102875,39792.8121508157,40575.8972913438,37443.5567292313
Boucle du Mouhoun,BF46,40-44,male,26225.2320087412,33613.6017280846,34844.9966813085,36076.3916345324,37307.7865877563,32382.2067748607
Boucle du Mouhoun,BF46,1-4,male,166480.015824759,171163.548370242,171944.137127823,172724.725885403,173505.314642984,170382.959612662
Boucle du Mouhoun,BF46,45-49,male,22352.0873510604,25520.0156330823,26048.0036800859,26575.9917270896,27103.9797740932,24992.0275860786
Boucle du Mouhoun,BF46,50-54,male,17109.6491275328,21607.8022802071,22357.4944723195,23107.1866644319,23856.8788565443,20858.1100880947
Boucle du Mouhoun,BF46,55-59,male,14931.8203132813,15548.6777895677,15651.4873689488,15754.2969483298,15857.1065277109,15445.8682101866
Boucle du Mouhoun,BF46,60-64,male,11097.7983289104,13097.3532811195,13430.612439821,13763.8715985226,14097.1307572241,12764.094122418
Boucle du Mouhoun,BF46,65-69,male,9311.19624775795,8490.9738418836,8354.27010757121,8217.56637325882,8080.86263894643,8627.67757619599
Boucle du Mouhoun,BF46,70-74,male,4838.17059932521,6384.72739265557,6642.48685821062,6900.24632376568,7158.00578932074,6126.96792710051
Boucle du Mouhoun,BF46,75-79,male,3416.71346906524,2208.58326038655,2007.22822560677,1805.87319082699,1604.51815604721,2409.93829516633
Boucle du Mouhoun,BF46,80-84,male,0,1330.96657430704,1552.79433669155,1774.62209907605,1996.44986146056,1109.13881192253
Boucle du Mouhoun,BF46,85-89,male,0,0,0,0,0,0
Boucle du Mouhoun,BF46,90-94,male,0,0,0,0,0,0
Boucle du Mouhoun,BF46,80-84,female,0,1474.76224160793,1720.55594854259,1966.34965547724,2212.1433624119,1228.96853467328
Boucle du Mouhoun,BF46,85-89,female,0,0,0,0,0,0
Boucle du Mouhoun,BF46,30-34,female,44221.6617312986,56496.0676284612,58541.801944655,60587.5362608488,62633.2705770426,54450.3333122675
Boucle du Mouhoun,BF46,35-39,female,39579.1044985229,43860.2403913236,44573.7630401237,45287.2856889238,46000.8083377239,43146.7177425235
Boucle du Mouhoun,BF46,40-44,female,30554.8078550376,40020.2317074364,41597.8023495029,43175.3729915694,44752.9436336359,38442.66106537
Boucle du Mouhoun,BF46,1-4,female,159894.365817591,165534.652903358,166474.700750986,167414.748598613,168354.796446241,164594.60505573
Boucle du Mouhoun,BF46,45-49,female,25873.1279489521,30143.4008710538,30855.1130247374,31566.825178421,32278.5373321046,29431.6887173702
Boucle du Mouhoun,BF46,50-54,female,18726.7196243423,25705.411267708,26868.5265416023,28031.6418154966,29194.7570893909,24542.2959938138
Boucle du Mouhoun,BF46,55-59,female,17618.2438805616,17201.3252456032,17131.8388064435,17062.3523672837,16992.865928124,17270.8116847629
Boucle du Mouhoun,BF46,60-64,female,10589.2035758816,16401.0594150425,17369.7020549027,18338.3446947628,19306.987334623,15432.4167751824
Boucle du Mouhoun,BF46,65-69,female,10197.9768427825,8101.52498402063,7752.11634089365,7402.70769776667,7053.29905463969,8450.93362714761
Boucle du Mouhoun,BF46,70-74,female,5333.7244612507,7228.60889770961,7544.42297045277,7860.23704319592,8176.05111593907,6912.79482496646
Boucle du Mouhoun,BF46,75-79,female,3560.16327120157,2601.44215578536,2441.65530321599,2281.86845064663,2122.08159807726,2761.22900835473
Boucle du Mouhoun,BF46,90-94,female,0,0,0,0,0,0
Cascades,BF47,0,male,62322.4185826824,88265.8932597177,92589.8057058902,96913.7181520627,101237.630598235,83941.9808135451
Cascades,BF47,5-9,male,43569.6171761335,62676.7679397407,65861.2930670086,69045.8181942765,72230.3433215443,59492.2428124729
Cascades,BF47,100-104,male,0,0,0,0,0,0
Cascades,BF47,105-109,male,0,0,0,0,0,0
Cascades,BF47,110-114,male,0,0,0,0,0,0
Cascades,BF47,115-119,male,0,0,0,0,0,0
Cascades,BF47,120-124,male,0,0,0,0,0,0
Cascades,BF47,125-129,male,0,0,0,0,0,0
Cascades,BF47,10-14,male,39174.8368743206,43976.9302303971,44777.2791230765,45577.6280157559,46377.9769084353,43176.5813377177
Cascades,BF47,15-19,male,29811.4770621494,40471.263021168,42247.8940143377,44024.5250075075,45801.1560006773,38694.6320279982
Cascades,BF47,20-24,male,23604.0128969774,30480.5042867958,31626.5861850988,32772.6680834019,33918.7499817049,29334.4223884927
Cascades,BF47,25-29,male,19691.7455659867,23860.5235104404,24555.319834516,25250.1161585916,25944.9124826672,23165.7271863647
Cascades,BF47,30-34,male,15805.5600172026,19965.7328031649,20659.0949341586,21352.4570651523,22045.8191961461,19272.3706721712
Cascades,BF47,35-39,male,11828.0882306953,16107.2496104774,16820.4431737744,17533.6367370714,18246.8303003684,15394.0560471803
Cascades,BF47,95-99,male,0,0,0,0,0,0
Cascades,BF47,0,female,61213.9428389017,85009.7616901598,88975.7314987028,92941.7013072458,96907.6711157888,81043.7918816167
Cascades,BF47,5-9,female,41665.6470750513,58533.720650055,61345.066245889,64156.4118417229,66967.7574375569,55722.3750542211
Cascades,BF47,95-99,female,0,0,0,0,0,0
Cascades,BF47,100-104,female,0,0,0,0,0,0
Cascades,BF47,105-109,female,0,0,0,0,0,0
Cascades,BF47,110-114,female,0,0,0,0,0,0
Cascades,BF47,115-119,female,0,0,0,0,0,0
Cascades,BF47,120-124,female,0,0,0,0,0,0
Cascades,BF47,125-129,female,0,0,0,0,0,0
Cascades,BF47,10-14,female,40935.3571732664,41278.8353980163,41336.0817688079,41393.3281395996,41450.5745103912,41221.5890272246
Cascades,BF47,15-19,female,32902.1682536321,41875.3362225301,43370.8642173464,44866.3922121627,46361.9202069791,40379.8082277138
Cascades,BF47,20-24,female,29185.5142891909,32967.0018583788,33597.2497865768,34227.4977147748,34857.7456429728,32336.7539301808
Cascades,BF47,25-29,female,21126.24358735,30105.866074647,31602.4698225298,33099.0735704127,34595.6773182955,28609.2623267642
Cascades,BF47,30-34,female,17735.6119004913,21254.0763447473,21840.4870854567,22426.897826166,23013.3085668754,20667.665604038
Cascades,BF47,35-39,female,13888.5490250171,17987.7061870655,18670.8990474069,19354.0919077483,20037.2847680897,17304.5133267241
Cascades,BF47,40-44,female,11658.5566463524,13856.0010038155,14222.2417300594,14588.4824563032,14954.7231825471,13489.7602775717
Cascades,BF47,1-4,female,56427.9358039897,60207.9732461975,60837.9794865654,61467.9857269334,62097.9919673014,59577.9670058295
Cascades,BF47,45-49,female,9141.66466341502,11647.6927585322,12065.3641077184,12483.0354569046,12900.7068060908,11230.021409346
Cascades,BF47,50-54,female,6755.18159151067,9054.69771660949,9437.95040412596,9821.20309164242,10204.4557791589,8671.44502909302
Cascades,BF47,55-59,female,5555.41961000684,6364.91631268972,6499.83242980353,6634.74854691734,6769.66466403116,6230.0001955759
Cascades,BF47,60-64,female,2999.40495375956,5239.53221027699,5612.88675302989,5986.2412957828,6359.59583853571,4866.17766752408
Cascades,BF47,65-69,female,2451.68752742086,2382.14410315292,2370.5535324416,2358.96296173027,2347.37239101895,2393.73467386424
Cascades,BF47,70-74,female,1056.3121793675,1783.01390779966,1904.13086253836,2025.24781727705,2146.36477201575,1661.89695306097
Cascades,BF47,75-79,female,782.453466198147,499.720053458897,452.597818002356,405.475582545814,358.353347089272,546.842288915439
Cascades,BF47,80-84,female,0,324.122965214988,378.143459417486,432.163953619985,486.184447822483,270.10247101249
Cascades,BF47,85-89,female,0,0,0,0,0,0
Cascades,BF47,40-44,male,9793.70921858014,11749.8501638189,12075.873654692,12401.8971455651,12727.9206364383,11423.8266729458
Cascades,BF47,1-4,male,60118.5079862243,60813.5847826801,60929.4309154228,61045.2770481654,61161.1231809081,60697.7386499375
Cascades,BF47,45-49,male,8750.43793031594,9449.72592603908,9566.27392532627,9682.82192461346,9799.36992390065,9333.17792675189
Cascades,BF47,50-54,male,6820.38604702718,8434.61666786564,8703.65510467206,8972.69354147847,9241.73197828488,8165.57823105923
Cascades,BF47,55-59,male,5398.92891676721,6308.80678434709,6460.4530956104,6612.09940687371,6763.74571813702,6157.16047308377
Cascades,BF47,60-64,male,4133.96247974688,4711.37539323945,4807.61087882155,4903.84636440364,5000.08184998574,4615.13990765736
Cascades,BF47,65-69,male,2673.382676177,3321.92629658134,3430.01689998207,3538.10750338279,3646.19810678351,3213.83569318062
Cascades,BF47,70-74,male,1395.37534805336,1831.89499325132,1904.64826745098,1977.40154165064,2050.1548158503,1759.14171905166
Cascades,BF47,75-79,male,586.84009964861,716.689995639078,738.331644970823,759.973294302568,781.614943634312,695.048346307334
Cascades,BF47,80-84,male,0,228.600287473299,266.700335385515,304.800383297732,342.900431209948,190.500239561082
Cascades,BF47,85-89,male,0,0,0,0,0,0
Cascades,BF47,90-94,male,0,0,0,0,0,0
Cascades,BF47,90-94,female,0,0,0,0,0,0
Centre-Est,BF48,0,male,137190.174406742,149316.184943431,151337.186699546,153358.188455661,155379.190211775,147295.183187316
Centre-Est,BF48,5-9,male,99567.2035737142,134761.226202369,140626.896640478,146492.567078587,152358.237516696,128895.55576426
Centre-Est,BF48,100-104,male,0,0,0,0,0,0
Centre-Est,BF48,105-109,male,0,0,0,0,0,0
Centre-Est,BF48,110-114,male,0,0,0,0,0,0
Centre-Est,BF48,115-119,male,0,0,0,0,0,0
Centre-Est,BF48,120-124,male,0,0,0,0,0,0
Centre-Est,BF48,125-129,male,0,0,0,0,0,0
Centre-Est,BF48,10-14,male,71516.2468105106,104099.59090791,109530.148257476,114960.705607043,120391.262956609,98669.0335583433
Centre-Est,BF48,15-19,male,45577.9144060421,75651.7791010714,80664.0898835762,85676.4006660811,90688.711448586,70639.4683185665
Centre-Est,BF48,20-24,male,37309.9894465483,46355.914957261,47863.5692090465,49371.2234608319,50878.8777126174,44848.2607054756
Centre-Est,BF48,25-29,male,32484.8597383264,37443.3925417072,38269.814675604,39096.2368095008,39922.6589433976,36616.9704078104
Centre-Est,BF48,30-34,male,27451.0757724517,32661.2362806874,33529.5963653934,34397.9564500993,35266.3165348053,31792.8761959815
Centre-Est,BF48,35-39,male,24842.8975517912,27114.9658294476,27493.6438757236,27872.3219219997,28250.9999682758,26736.2877831715
Centre-Est,BF48,95-99,male,0,0,0,0,0,0
Centre-Est,BF48,1-4,male,130252.420339785,134286.040878018,134958.310967723,135630.581057428,136302.851147134,133613.770788312
Centre-Est,BF48,45-49,male,17370.4669495989,17419.2668100015,17427.4001200686,17435.5334301357,17443.6667402028,17411.1334999344
Centre-Est,BF48,50-54,male,14292.8166492195,16592.7791124837,16976.1061896944,17359.4332669051,17742.7603441158,16209.452035273
Centre-Est,BF48,55-59,male,11410.7797153896,13201.3911527204,13499.8263922755,13798.2616318306,14096.6968713857,12902.9559131652
Centre-Est,BF48,60-64,male,8476.57921714659,10009.7471985419,10265.2751954411,10520.8031923403,10776.3311892395,9754.21920164264
Centre-Est,BF48,65-69,male,7068.16297798993,6494.22611054504,6398.56996597089,6302.91382139674,6207.25767682259,6589.88225511919
Centre-Est,BF48,70-74,male,4446.94386622614,4691.8149696361,4732.62682020443,4773.43867077275,4814.25052134108,4651.00311906777
Centre-Est,BF48,75-79,male,2673.382676177,2123.40376418749,2031.74061218924,1940.07746019099,1848.41430819274,2215.06691618574
Centre-Est,BF48,80-84,male,0,1041.40514425011,1214.97266829179,1388.54019233347,1562.10771637516,867.837620208422
Centre-Est,BF48,85-89,male,0,0,0,0,0,0
Centre-Est,BF48,90-94,male,0,0,0,0,0,0
Centre-Est,BF48,20-24,female,61813.8238296536,65491.4262633839,66104.360002339,66717.293741294,67330.2274802491,64878.4925244289
Centre-Est,BF48,40-44,male,18270.2884357267,25138.5044271599,26283.2070923987,27427.9097576376,28572.6124228765,23993.801761921
Centre-Est,BF48,0,female,134608.077968288,143729.970512261,145250.285936257,146770.601360252,148290.916784248,142209.655088266
Centre-Est,BF48,5-9,female,90229.9255437496,132624.642101341,139690.428194273,146756.214287205,153822.000380137,125558.856008409
Centre-Est,BF48,95-99,female,0,0,0,0,0,0
Centre-Est,BF48,100-104,female,0,0,0,0,0,0
Centre-Est,BF48,105-109,female,0,0,0,0,0,0
Centre-Est,BF48,110-114,female,0,0,0,0,0,0
Centre-Est,BF48,115-119,female,0,0,0,0,0,0
Centre-Est,BF48,120-124,female,0,0,0,0,0,0
Centre-Est,BF48,125-129,female,0,0,0,0,0,0
Centre-Est,BF48,10-14,female,77371.6069158934,91647.6161035744,94026.9509681879,96406.2858328014,98785.6206974149,89268.2812389609
Centre-Est,BF48,15-19,female,66012.990764917,78383.1548394635,80444.8488518879,82506.5428643123,84568.2368767368,76321.4608270391
Centre-Est,BF48,80-84,female,0,1690.84621622782,1972.65391893246,2254.46162163709,2536.26932434173,1409.03851352318
Centre-Est,BF48,25-29,female,47429.720942711,63226.0319283666,65858.7504259759,68491.4689235851,71124.1874211944,60593.3134307573
Centre-Est,BF48,30-34,female,40178.9854892748,47644.4401215163,48888.6825602232,50132.9249989301,51377.167437637,46400.1976828094
Centre-Est,BF48,35-39,female,32067.5512230207,40629.3331210374,42056.2967707069,43483.2604203763,44910.2240700458,39202.369471368
Centre-Est,BF48,40-44,female,24399.5072542789,32496.2508383374,33845.7081023471,35195.1653663569,36544.6226303666,31146.7935743276
Centre-Est,BF48,1-4,female,127148.688257199,131782.987214561,132555.370374121,133327.753533682,134100.136693242,131010.604055001
Centre-Est,BF48,45-49,female,22508.5780443,23701.4551830061,23900.2680394571,24099.0808959081,24297.8937523591,23502.6423265551
Centre-Est,BF48,50-54,female,15049.188333211,22611.1450487862,23871.4711680488,25131.7972873113,26392.1234065739,21350.8189295237
Centre-Est,BF48,55-59,female,15557.7830862398,13543.4721373332,13207.7536458488,12872.0351543644,12536.31666288,13879.1906288177
Centre-Est,BF48,60-64,female,10758.7351602245,14201.3665797,14775.1384829459,15348.9103861918,15922.6822894377,13627.5946764541
Centre-Est,BF48,65-69,female,8854.76505914236,8532.53538700358,8478.83044164712,8425.12549629066,8371.42055093419,8586.24033236005
Centre-Est,BF48,70-74,female,5972.72812531252,6008.19963085861,6014.11154844963,6020.02346604065,6025.93538363166,6002.2877132676
Centre-Est,BF48,75-79,female,4081.79891533367,2894.09037055207,2696.1389464218,2498.18752229153,2300.23609816126,3092.04179468233
Centre-Est,BF48,85-89,female,0,0,0,0,0,0
Centre-Est,BF48,90-94,female,0,0,0,0,0,0
Centre-Nord,BF49,0,male,147322.946794008,151605.797193888,152319.605593868,153033.413993848,153747.222393828,150891.988793908
Centre-Nord,BF49,0,female,150413.63798549,144735.99627839,143789.72266054,142843.44904269,141897.17542484,145682.26989624
Centre-Nord,BF49,5-9,female,101353.805654867,144586.081693243,151791.461032972,158996.840372702,166202.219712431,137380.702353514
Centre-Nord,BF49,95-99,female,0,0,0,0,0,0
Centre-Nord,BF49,100-104,female,0,0,0,0,0,0
Centre-Nord,BF49,105-109,female,0,0,0,0,0,0
Centre-Nord,BF49,110-114,female,0,0,0,0,0,0
Centre-Nord,BF49,115-119,female,0,0,0,0,0,0
Centre-Nord,BF49,120-124,female,0,0,0,0,0,0
Centre-Nord,BF49,125-129,female,0,0,0,0,0,0
Centre-Nord,BF49,10-14,female,87439.1748476429,102840.494864093,105407.381533502,107974.26820291,110541.154872319,100273.608194685
Centre-Nord,BF49,15-19,female,71164.1427507215,89270.0440031262,92287.6942118603,95305.3444205945,98322.9946293286,86252.3937943921
Centre-Nord,BF49,20-24,female,62022.4780873064,71524.7993699067,73108.5195836734,74692.2397974402,76275.9600112069,69941.07915614
Centre-Nord,BF49,25-29,female,48877.2598551776,63181.85259961,65565.9513903487,67950.0501810875,70334.1489718262,60797.7538088713
Centre-Nord,BF49,5-9,male,104848.764470552,149361.314652519,156780.07301618,164198.831379841,171617.589743502,141942.556288858
Centre-Nord,BF49,95-99,male,0,0,0,0,0,0
Centre-Nord,BF49,100-104,male,0,0,0,0,0,0
Centre-Nord,BF49,105-109,male,0,0,0,0,0,0
Centre-Nord,BF49,110-114,male,0,0,0,0,0,0
Centre-Nord,BF49,115-119,male,0,0,0,0,0,0
Centre-Nord,BF49,120-124,male,0,0,0,0,0,0
Centre-Nord,BF49,125-129,male,0,0,0,0,0,0
Centre-Nord,BF49,10-14,male,76823.8894895547,109318.754780828,114734.565662707,120150.376544586,125566.187426465,103902.943898949
Centre-Nord,BF49,15-19,male,49907.4902523385,81076.9503931223,86271.8604165863,91466.7704400503,96661.6804635143,75882.0403696584
Centre-Nord,BF49,20-24,male,41496.1154907084,50631.0312835036,52153.5172489695,53676.0032144354,55198.4891799013,49108.5453180378
Centre-Nord,BF49,25-29,male,32119.7147874339,42446.504602535,44167.6362383852,45888.7678742354,47609.8995100856,40725.3729666848
Centre-Nord,BF49,30-34,male,29498.4956756701,31822.8495305291,32210.2418396723,32597.6341488155,32985.0264579587,31435.457221386
Centre-Nord,BF49,35-39,male,26668.6223062535,29142.750753091,29555.1054942306,29967.4602353702,30379.8149765097,28730.3960119514
Centre-Nord,BF49,40-44,male,19548.2957638504,26998.8916548839,28240.6576367228,29482.4236185617,30724.1896004007,25757.125673045
Centre-Nord,BF49,1-4,male,143436.761245224,143491.518693415,143500.64493478,143509.771176145,143518.89741751,143482.39245205
Centre-Nord,BF49,45-49,male,18922.3329908918,18570.3840327391,18511.725873047,18453.0677133549,18394.4095536628,18629.0421924312
Centre-Nord,BF49,50-54,male,14579.7162534921,18273.1714981276,18888.7473722336,19504.3232463395,20119.8991204454,17657.5956240217
Centre-Nord,BF49,55-59,male,12180.1922904845,13358.3047897514,13554.6568729626,13751.0089561737,13947.3610393849,13161.9527065403
Centre-Nord,BF49,60-64,male,8620.02901928292,10770.3118371363,11128.6923067785,11487.0727764208,11845.453246063,10411.9313674941
Centre-Nord,BF49,65-69,male,8450.49743493999,6351.58139036012,6001.7620495968,5651.94270883349,5302.12336807018,6701.40073112343
Centre-Nord,BF49,70-74,male,4707.76168829218,5731.18041146957,5901.7501986658,6072.31998586203,6242.88977305826,5560.61062427333
Centre-Nord,BF49,75-79,male,2855.95515162324,2242.78772366248,2140.59315233569,2038.3985810089,1936.20400968211,2344.98229498928
Centre-Nord,BF49,80-84,male,0,1112.52538104777,1297.94627788907,1483.36717473037,1668.78807157166,927.104484206479
Centre-Nord,BF49,85-89,male,0,0,0,0,0,0
Centre-Nord,BF49,90-94,male,0,0,0,0,0,0
Centre-Nord,BF49,80-84,female,0,1404.5358418452,1638.6251488194,1872.7144557936,2106.8037627678,1170.446534871
Centre-Nord,BF49,85-89,female,0,0,0,0,0,0
Centre-Nord,BF49,30-34,female,40244.1899447914,49330.6782920923,50845.0930166424,52359.5077411926,53873.9224657427,47816.2635675421
Centre-Nord,BF49,35-39,female,35549.4691476025,40009.2357997089,40752.5302417267,41495.8246837444,42239.1191257621,39265.9413576912
Centre-Nord,BF49,40-44,female,26772.9494350799,36079.8891583615,37631.0457789085,39182.2023994554,40733.3590200023,34528.7325378146
Centre-Nord,BF49,1-4,female,139120.226290031,147848.457028803,149303.162151932,150757.86727506,152212.572398189,146393.751905674
Centre-Nord,BF49,45-49,female,23317.1132927048,26283.1842051977,26777.5293572798,27271.874509362,27766.2196614441,25788.8390531155
Centre-Nord,BF49,50-54,female,14123.2850648766,23716.6506813903,25315.5449508092,26914.4392202282,28513.3334896471,22117.7564119713
Centre-Nord,BF49,55-59,female,14983.9838776945,12633.512722563,12241.7675300411,11850.0223375191,11458.2771449972,13025.2579150849
Centre-Nord,BF49,60-64,female,8763.47882141924,13997.2770177104,14869.5767170922,15741.8764164741,16614.1761158559,13124.9773183285
Centre-Nord,BF49,65-69,female,9115.58288120841,6569.53278568326,6145.19110309573,5720.84942050821,5296.50773792068,6993.87446827078
Centre-Nord,BF49,70-74,female,4838.17059932521,6447.26717055849,6715.4499324307,6983.63269430291,7251.81545617512,6179.08440868627
Centre-Nord,BF49,75-79,female,3390.63168685864,2327.49580611089,2150.30649265293,1973.11717919498,1795.92786573702,2504.68511956885
Centre-Nord,BF49,90-94,female,0,0,0,0,0,0
Centre-Ouest,BF50,0,male,140111.334013882,141735.574589106,142006.281351643,142276.98811418,142547.694876717,141464.867826568
Centre-Ouest,BF50,5-9,male,108761.031801542,141935.34720777,147464.399775475,152993.45234318,158522.504910885,136406.294640066
Centre-Ouest,BF50,100-104,male,0,0,0,0,0,0
Centre-Ouest,BF50,105-109,male,0,0,0,0,0,0
Centre-Ouest,BF50,110-114,male,0,0,0,0,0,0
Centre-Ouest,BF50,115-119,male,0,0,0,0,0,0
Centre-Ouest,BF50,120-124,male,0,0,0,0,0,0
Centre-Ouest,BF50,125-129,male,0,0,0,0,0,0
Centre-Ouest,BF50,10-14,male,78753.9413728435,113585.152198847,119390.354003181,125195.555807515,131000.757611849,107779.950394513
Centre-Ouest,BF50,15-19,male,47794.8658936035,83787.2172753284,89785.9425056158,95784.6677359033,101783.392966191,77788.4920450409
Centre-Ouest,BF50,20-24,male,37844.6659817837,48866.7642710672,50703.7806526144,52540.7970341617,54377.8134157089,47029.7478895199
Centre-Ouest,BF50,25-29,male,30789.5438948971,38412.1428296807,39682.575985478,40953.0091412752,42223.4422970725,37141.7096738834
Centre-Ouest,BF50,30-34,male,26264.3546820511,30907.4831386439,31681.3378814094,32455.1926241749,33229.0473669404,30133.6283958785
Centre-Ouest,BF50,35-39,male,22547.7007176099,26186.9881249637,26793.5360261893,27400.0839274149,28006.6318286406,25580.440223738
Centre-Ouest,BF50,95-99,male,0,0,0,0,0,0
Centre-Ouest,BF50,0,female,134660.241532701,136964.720867787,137348.800756968,137732.88064615,138116.960535331,136580.640978606
Centre-Ouest,BF50,5-9,female,99593.2853559208,138030.527523695,144436.734551657,150842.941579619,157249.148607582,131624.320495732
Centre-Ouest,BF50,95-99,female,0,0,0,0,0,0
Centre-Ouest,BF50,100-104,female,0,0,0,0,0,0
Centre-Ouest,BF50,105-109,female,0,0,0,0,0,0
Centre-Ouest,BF50,110-114,female,0,0,0,0,0,0
Centre-Ouest,BF50,115-119,female,0,0,0,0,0,0
Centre-Ouest,BF50,120-124,female,0,0,0,0,0,0
Centre-Ouest,BF50,125-129,female,0,0,0,0,0,0
Centre-Ouest,BF50,10-14,female,88091.219402808,100620.015715654,102708.148434461,104796.281153269,106884.413872076,98531.882996846
Centre-Ouest,BF50,15-19,female,67825.674628276,90709.6859983652,94523.6878933801,98337.689788395,102151.69168341,86895.6841033504
Centre-Ouest,BF50,20-24,female,60183.7124417408,67955.3169932225,69250.5844184695,70545.8518437164,71841.1192689634,66660.0495679756
Centre-Ouest,BF50,25-29,female,49411.936390413,60912.0524493702,62828.7384591964,64745.4244690226,66662.1104788488,58995.366439544
Centre-Ouest,BF50,30-34,female,42761.0819277287,49455.0774398105,50570.7433584908,51686.4092771711,52802.0751958514,48339.4115211302
Centre-Ouest,BF50,35-39,female,37257.8258821351,42614.5109727042,43507.2918211324,44400.0726695606,45292.8535179888,41721.730124276
Centre-Ouest,BF50,40-44,female,29902.7632998725,37445.1480463194,38702.2121707272,39959.276295135,41216.3404195428,36188.0839219116
Centre-Ouest,BF50,1-4,female,133290.947966854,130615.458630454,130169.543741054,129723.628851654,129277.713962254,131061.373519854
Centre-Ouest,BF50,45-49,female,24947.2246806176,29574.9389261697,30346.2246337617,31117.5103413537,31888.7960489457,28803.6532185777
Centre-Ouest,BF50,50-54,female,19078.8236841315,24581.0872022952,25498.1311219892,26415.1750416831,27332.2189613771,23664.0432826013
Centre-Ouest,BF50,55-59,female,17526.9576428385,17609.2838858939,17623.0049264032,17636.7259669124,17650.4470074216,17595.5628453847
Centre-Ouest,BF50,60-64,female,11775.9246662821,16067.7756834905,16783.0841863585,17498.3926892266,18213.7011920947,15352.4671806224
Centre-Ouest,BF50,65-69,female,10432.712882642,9191.09551622421,8984.15928848791,8777.22306075161,8570.28683301531,9398.03174396051
Centre-Ouest,BF50,70-74,female,5790.15564986629,7328.26949961629,7584.62180790796,7840.97411619962,8097.32642449129,7071.91719132462
Centre-Ouest,BF50,75-79,female,4694.72079718888,2658.08486859549,2318.64554716326,1979.20622573103,1639.76690429879,2997.52419002772
Centre-Ouest,BF50,80-84,female,0,1944.7436195828,2268.86755617993,2592.99149277706,2917.1154293742,1620.61968298566
Centre-Ouest,BF50,85-89,female,0,0,0,0,0,0
Centre-Ouest,BF50,40-44,male,17696.4892271814,22593.1259580994,23409.232079919,24225.3382017387,25041.4443235584,21777.0198362797
Centre-Ouest,BF50,1-4,male,137842.218961907,136182.090810238,135905.40278496,135628.714759681,135352.026734403,136458.778835516
Centre-Ouest,BF50,45-49,male,16614.0952656073,16914.3497812802,16964.392200559,17014.4346198378,17064.4770391166,16864.3073620014
Centre-Ouest,BF50,50-54,male,13614.6903118478,15881.4146907238,16259.2020872032,16636.9894836825,17014.7768801619,15503.6272942445
Centre-Ouest,BF50,55-59,male,13066.9728855091,12135.5253121143,11980.2840498819,11825.0427876494,11669.8015254169,12290.7665743468
Centre-Ouest,BF50,60-64,male,9298.15535665464,11544.3445708058,11918.709439831,12293.0743088562,12667.4391778814,11169.9797017806
Centre-Ouest,BF50,65-69,male,7928.86179080789,7088.54178083462,6948.48844583907,6808.43511084353,6668.38177584798,7228.59511583016
Centre-Ouest,BF50,70-74,male,4746.88436160209,5311.45824316934,5405.55389009721,5499.64953702509,5593.74518395296,5217.36259624146
Centre-Ouest,BF50,75-79,male,2816.83247831333,2273.99795953962,2183.525539744,2093.05311994839,2002.58070015277,2364.47037933524
Centre-Ouest,BF50,80-84,male,0,1097.28540424594,1280.1663049536,1463.04720566126,1645.92810636891,914.404503538285
Centre-Ouest,BF50,85-89,male,0,0,0,0,0,0
Centre-Ouest,BF50,90-94,male,0,0,0,0,0,0
Centre-Ouest,BF50,90-94,female,0,0,0,0,0,0
Centre-Sud,BF51,0,male,72872.4994852541,51878.4476751589,48379.4390401431,44880.4304051272,41381.4217701114,55377.4563101748
Centre-Sud,BF51,5-9,male,56023.6681797873,71707.578539155,74321.5635990496,76935.5486589442,79549.5337188388,69093.5934792604
Centre-Sud,BF51,100-104,male,0,0,0,0,0,0
Centre-Sud,BF51,105-109,male,0,0,0,0,0,0
Centre-Sud,BF51,110-114,male,0,0,0,0,0,0
Centre-Sud,BF51,115-119,male,0,0,0,0,0,0
Centre-Sud,BF51,120-124,male,0,0,0,0,0,0
Centre-Sud,BF51,125-129,male,0,0,0,0,0,0
Centre-Sud,BF51,10-14,male,41848.2195504976,58252.3205020035,60986.3373272545,63720.3541525055,66454.3709777565,55518.3036767525
Centre-Sud,BF51,15-19,male,26120.9048799148,44378.0694195467,47420.930176152,50463.7909327573,53506.6516893626,41335.2086629413
Centre-Sud,BF51,20-24,male,21217.5298250731,26599.827721115,27496.8773704553,28393.9270197956,29290.9766691359,25702.7780717747
Centre-Sud,BF51,25-29,male,18361.5746734499,21315.8295169723,21808.205324226,22300.5811314797,22792.9569387335,20823.4537097185
Centre-Sud,BF51,30-34,male,15883.8053638224,18387.7937702604,18805.1251713334,19222.4565724065,19639.7879734795,17970.4623691874
Centre-Sud,BF51,35-39,male,13236.504469852,15916.9786553662,16363.724352952,16810.4700505377,17257.2157481234,15470.2329577805
Centre-Sud,BF51,95-99,male,0,0,0,0,0,0
Centre-Sud,BF51,1-4,male,69820.9309670813,71203.1618482287,71433.5336617532,71663.9054752778,71894.2772888023,70972.7900347041
Centre-Sud,BF51,45-49,male,10002.363476233,11093.3172521906,11275.1428815169,11456.9685108432,11638.7941401695,10911.4916228644
Centre-Sud,BF51,50-54,male,9441.60515879097,9312.27070630269,9290.71496422131,9269.15922213993,9247.60348005855,9333.82644838407
Centre-Sud,BF51,55-59,male,7902.78000860128,8647.63854017025,8771.78162876508,8895.92471735991,9020.06780595474,8523.49545157542
Centre-Sud,BF51,60-64,male,5998.80990751913,6906.83958397221,7058.17786338106,7209.5161427899,7360.85442219875,6755.50130456336
Centre-Sud,BF51,65-69,male,4733.84347049879,4649.56845583714,4635.5226200602,4621.47678428326,4607.43094850631,4663.61429161408
Centre-Sud,BF51,70-74,male,3234.14099361901,3091.13960999668,3067.30604605963,3043.47248212258,3019.63891818552,3114.97317393374
Centre-Sud,BF51,75-79,male,1669.23406122271,1599.30556555313,1587.65081627486,1575.9960669966,1564.34131771834,1610.96031483139
Centre-Sud,BF51,80-84,male,0,650.243519265379,758.617439142943,866.991359020506,975.365278898069,541.869599387816
Centre-Sud,BF51,85-89,male,0,0,0,0,0,0
Centre-Sud,BF51,90-94,male,0,0,0,0,0,0
Centre-Sud,BF51,20-24,female,31493.7520144754,34612.3674979187,35132.1367451593,35651.9059923998,36171.6752396404,34092.5982506782
Centre-Sud,BF51,40-44,male,11449.9023886996,13050.9389900124,13317.7784235645,13584.6178571166,13851.4572906687,12784.0995564602
Centre-Sud,BF51,0,female,72337.8229500187,49691.0202464743,45916.5531292169,42142.0860119595,38367.6188947021,53465.4873637317
Centre-Sud,BF51,5-9,female,49516.2635192394,71196.1783565838,74809.4974961412,78422.8166356986,82036.135775256,67582.8592170264
Centre-Sud,BF51,95-99,female,0,0,0,0,0,0
Centre-Sud,BF51,100-104,female,0,0,0,0,0,0
Centre-Sud,BF51,105-109,female,0,0,0,0,0,0
Centre-Sud,BF51,110-114,female,0,0,0,0,0,0
Centre-Sud,BF51,115-119,female,0,0,0,0,0,0
Centre-Sud,BF51,120-124,female,0,0,0,0,0,0
Centre-Sud,BF51,125-129,female,0,0,0,0,0,0
Centre-Sud,BF51,10-14,female,41965.5875704273,50393.1272665958,51797.7172159572,53202.3071653186,54606.89711468,48988.5373172344
Centre-Sud,BF51,15-19,female,34688.7703347845,42737.4490814567,44078.8955392354,45420.3419970141,46761.7884547928,41396.002623678
Centre-Sud,BF51,80-84,female,0,1031.79459622574,1203.76036226337,1375.72612830099,1547.69189433862,859.82883018812
Centre-Sud,BF51,25-29,female,25820.9643845388,31882.0711504714,32892.2556114602,33902.440072449,34912.6245334378,30871.8866894827
Centre-Sud,BF51,30-34,female,23643.1355702873,25583.9624143094,25907.4335549798,26230.9046956502,26554.3758363205,25260.4912736391
Centre-Sud,BF51,35-39,female,19157.0690307513,23850.7519574902,24633.03244528,25415.3129330698,26197.5934208596,23068.4714697004
Centre-Sud,BF51,40-44,female,15570.8239773431,19214.2680523802,19821.508731553,20428.7494107259,21035.9900898987,18607.0273732073
Centre-Sud,BF51,1-4,female,68438.5965101313,70797.7471610338,71190.9389361842,71584.1307113346,71977.322486485,70404.5553858833
Centre-Sud,BF51,45-49,female,13888.5490250171,15220.4873678329,15442.4770916355,15664.4668154381,15886.4565392408,14998.4976440302
Centre-Sud,BF51,50-54,female,10576.1626847783,13693.786089821,14213.3899906614,14732.9938915019,15252.5977923423,13174.1821889806
Centre-Sud,BF51,55-59,female,9624.17763423721,9779.88359041303,9805.834583109,9831.78557580498,9857.73656850095,9753.93259771706
Centre-Sud,BF51,60-64,female,7302.89901784937,8655.6007960935,8881.05109246752,9106.50138884154,9331.95168521556,8430.15049971948
Centre-Sud,BF51,65-69,female,5698.86941214317,5854.11431831977,5879.9884693492,5905.86262037864,5931.73677140807,5828.24016729034
Centre-Sud,BF51,70-74,female,3742.7357466478,3887.0953191097,3911.15524785335,3935.215176597,3959.27510534065,3863.03539036605
Centre-Sud,BF51,75-79,female,2490.81020073077,1826.94677329538,1716.30286872281,1605.65896415025,1495.01505957768,1937.59067786794
Centre-Sud,BF51,85-89,female,0,0,0,0,0,0
Centre-Sud,BF51,90-94,female,0,0,0,0,0,0
Est,BF52,0,male,161733.131463157,169234.626723088,170484.875933077,171735.125143065,172985.374353054,167984.3775131
Est,BF52,0,female,160663.778392686,162488.68005939,162792.830337174,163096.980614958,163401.130892742,162184.529781606
Est,BF52,5-9,female,90151.6801971298,149206.321100706,159048.761251302,168891.201401898,178733.641552494,139363.88095011
Est,BF52,95-99,female,0,0,0,0,0,0
Est,BF52,100-104,female,0,0,0,0,0,0
Est,BF52,105-109,female,0,0,0,0,0,0
Est,BF52,110-114,female,0,0,0,0,0,0
Est,BF52,115-119,female,0,0,0,0,0,0
Est,BF52,120-124,female,0,0,0,0,0,0
Est,BF52,125-129,female,0,0,0,0,0,0
Est,BF52,10-14,female,81635.9783066733,90701.7715766723,92212.7371216721,93723.7026666719,95234.6682116717,89190.8060316724
Est,BF52,15-19,female,72155.2504745725,82202.3665689262,83876.8859179851,85551.4052670441,87225.924616103,80527.8472198673
Est,BF52,20-24,female,64630.6563079669,72171.9829142853,73428.8706820051,74685.7584497248,75942.6462174446,70915.0951465656
Est,BF52,5-9,male,100910.415357354,149637.928480136,157759.180667266,165880.432854397,174001.685041527,141516.676293006
Est,BF52,95-99,male,0,0,0,0,0,0
Est,BF52,100-104,male,0,0,0,0,0,0
Est,BF52,105-109,male,0,0,0,0,0,0
Est,BF52,110-114,male,0,0,0,0,0,0
Est,BF52,115-119,male,0,0,0,0,0,0
Est,BF52,120-124,male,0,0,0,0,0,0
Est,BF52,125-129,male,0,0,0,0,0,0
Est,BF52,10-14,male,77019.5028561043,104596.187346085,109192.301427749,113788.415509412,118384.529591075,100000.073264422
Est,BF52,15-19,male,56297.5268929567,80030.7056945318,83986.2354947943,87941.7652950568,91897.2950953193,76075.1758942693
Est,BF52,20-24,male,51250.7020359786,56225.4419804995,57054.5653045864,57883.6886286732,58712.81195276,55396.3186564127
Est,BF52,25-29,male,40570.2122223739,52244.6414329512,54190.3796347141,56136.1178364769,58081.8560382398,50298.9032311883
Est,BF52,30-34,male,33984.5622152062,40850.3351936123,41994.6306900133,43138.9261864143,44283.2216828153,39706.0396972113
Est,BF52,35-39,male,28637.7968628522,33992.051901155,34884.4277408721,35776.8035805893,36669.1794203064,33099.6760614379
Est,BF52,40-44,male,20330.7492300485,29124.6374085245,30590.2854382705,32055.9334680165,33521.5814977625,27658.9893787785
Est,BF52,1-4,male,143006.411838815,160419.020139839,163321.121523343,166223.222906847,169125.324290351,157516.918756335
Est,BF52,45-49,male,16744.5041766403,19900.7266861492,20426.7637710673,20952.8008559854,21478.8379409036,19374.689601231
Est,BF52,50-54,male,12414.9283303439,16267.3766275946,16909.4513438031,17551.5260600115,18193.60077622,15625.3019113862
Est,BF52,55-59,male,11749.8428840755,11099.215159597,10990.7772055172,10882.3392514375,10773.9012973577,11207.6531136767
Est,BF52,60-64,male,7015.99941357672,10649.6640863641,11255.274865162,11860.8856439599,12466.4964227578,10044.0533075662
Est,BF52,65-69,male,6272.66862068848,5290.73006386806,5127.07363773132,4963.41721159459,4799.76078545785,5454.3864900048
Est,BF52,70-74,male,3090.69119148268,4334.91801933939,4542.2891573155,4749.66029529162,4957.03143326774,4127.54688136327
Est,BF52,75-79,male,1864.84742777225,1474.42883096296,1409.35906482808,1344.2892986932,1279.21953255832,1539.49859709784
Est,BF52,80-84,male,0,726.442196101585,847.515895451849,968.589594802113,1089.66329415238,605.368496751321
Est,BF52,85-89,male,0,0,0,0,0,0
Est,BF52,90-94,male,0,0,0,0,0,0
Est,BF52,80-84,female,0,923.751009939702,1077.70951159632,1231.66801325294,1385.62651490955,769.792508283085
Est,BF52,25-29,female,46034.3455946576,66818.417733212,70282.4297563044,73746.4417793968,77210.4538024892,63354.4057101196
Est,BF52,30-34,female,37883.7886550936,46465.214043263,47895.4516079579,49325.6891726529,50755.9267373478,45034.9764785681
Est,BF52,35-39,female,27855.343396654,38784.3608668236,40605.8637785186,42427.3666902135,44248.8696019084,36962.8579551287
Est,BF52,40-44,female,21869.5743802382,28092.6153332794,29129.7888254529,30166.9623176264,31204.1358098,27055.4418411059
Est,BF52,1-4,female,141128.523519939,159418.237395327,162466.523041225,165514.808687123,168563.094333021,156369.951749429
Est,BF52,45-49,female,17187.8944741526,21841.2006422706,22616.7516702902,23392.3026983099,24167.8537263296,21065.6496142509
Est,BF52,50-54,female,11319.4934776665,17300.6144150985,18297.4679046705,19294.3213942425,20291.1748838145,16303.7609255265
Est,BF52,55-59,female,11032.5938733939,10320.7933051507,10202.1598771102,10083.5264490697,9964.89302102918,10439.4267331913
Est,BF52,60-64,female,6794.30426482058,10237.7049497135,10811.6050638623,11385.5051780111,11959.4052921599,9663.80483556467
Est,BF52,65-69,female,5607.58317442005,5385.27481367933,5348.22342022254,5311.17202676575,5274.12063330897,5422.32620713612
Est,BF52,70-74,female,2882.03693382984,3984.96728821185,4168.78901394218,4352.61073967251,4536.43246540285,3801.14556248151
Est,BF52,75-79,female,2229.99237866472,1344.40528646134,1196.80743776078,1049.20958906022,901.611740359656,1492.00313516191
Est,BF52,85-89,female,0,0,0,0,0,0
Est,BF52,90-94,female,0,0,0,0,0,0
Hauts-Bassins,BF53,0,male,163624.060673136,188360.294610183,192483.000266357,196605.705922532,200728.411578706,184237.588954008
Hauts-Bassins,BF53,100-104,male,0,0,0,0,0,0
Hauts-Bassins,BF53,105-109,male,0,0,0,0,0,0
Hauts-Bassins,BF53,110-114,male,0,0,0,0,0,0
Hauts-Bassins,BF53,115-119,male,0,0,0,0,0,0
Hauts-Bassins,BF53,120-124,male,0,0,0,0,0,0
Hauts-Bassins,BF53,125-129,male,0,0,0,0,0,0
Hauts-Bassins,BF53,10-14,male,106713.611898324,119810.211541203,121992.97814835,124175.744755497,126358.511362643,117627.444934057
Hauts-Bassins,BF53,15-19,male,92225.1818825549,108041.626194622,110677.700246634,113313.774298645,115949.848350656,105405.552142611
Hauts-Bassins,BF53,20-24,male,74580.8562197867,93983.3091536249,97217.0513092646,100450.793464904,103684.535620544,90749.5669979852
Hauts-Bassins,BF53,25-29,male,58540.5601627247,76127.3552065511,79058.4877138555,81989.6202211599,84920.7527284643,73196.2226992467
Hauts-Bassins,BF53,30-34,male,48446.9104487686,59063.3211452202,60832.7229279622,62602.1247107041,64371.5264934461,57293.9193624783
Hauts-Bassins,BF53,5-9,male,118698.190822259,152615.490761912,158268.374085188,163921.257408463,169574.140731739,146962.607438637
Hauts-Bassins,BF53,95-99,male,0,0,0,0,0,0
Hauts-Bassins,BF53,0,female,161354.945621161,181180.910322182,184485.237772352,187789.565222523,191093.892672693,177876.582872012
Hauts-Bassins,BF53,5-9,female,113481.834380938,151386.151387606,157703.537555384,164020.923723162,170338.30989094,145068.765219828
Hauts-Bassins,BF53,95-99,female,0,0,0,0,0,0
Hauts-Bassins,BF53,100-104,female,0,0,0,0,0,0
Hauts-Bassins,BF53,105-109,female,0,0,0,0,0,0
Hauts-Bassins,BF53,110-114,female,0,0,0,0,0,0
Hauts-Bassins,BF53,115-119,female,0,0,0,0,0,0
Hauts-Bassins,BF53,120-124,female,0,0,0,0,0,0
Hauts-Bassins,BF53,125-129,female,0,0,0,0,0,0
Hauts-Bassins,BF53,10-14,female,114499.023886995,111827.072036621,111381.746728225,110936.421419829,110491.096111433,112272.397345016
Hauts-Bassins,BF53,15-19,female,102331.872487614,115067.830749061,117190.490459302,119313.150169543,121435.809879784,112945.171038819
Hauts-Bassins,BF53,20-24,female,82248.9001885285,104238.46225992,107903.389271819,111568.316283718,115233.243295616,100573.535248022
Hauts-Bassins,BF53,25-29,female,59635.9950154021,84822.8119236695,89020.614741714,93218.4175597586,97416.2203778031,80625.0091056249
Hauts-Bassins,BF53,30-34,female,49868.3675790286,60036.1914698911,61730.8287850349,63425.4661001786,65120.1034153224,58341.5541547474
Hauts-Bassins,BF53,35-39,female,41483.0745996051,50090.8883723629,51525.5240011559,52960.1596299488,54394.7952587418,48656.2527435699
Hauts-Bassins,BF53,40-44,female,29459.3730023602,42458.5188134941,44625.0431153498,46791.5674172054,48958.0917190611,40291.9945116385
Hauts-Bassins,BF53,1-4,female,146905.638278702,159070.048934748,161097.450710756,163124.852486764,165152.254262771,157042.64715874
Hauts-Bassins,BF53,45-49,female,24529.9161653119,29145.8427139276,29915.1638053636,30684.4848967995,31453.8059882355,28376.5216224917
Hauts-Bassins,BF53,50-54,female,18152.920415797,24291.2245748625,25314.27526804,26337.3259612176,27360.3766543952,23268.1738816849
Hauts-Bassins,BF53,55-59,female,13797.262787294,17330.4961651205,17919.3683947582,18508.240624396,19097.1128540337,16741.6239354827
Hauts-Bassins,BF53,60-64,female,9324.23713886125,12637.7291496191,13189.9778180788,13742.2264865384,14294.4751549981,12085.4804811595
Hauts-Bassins,BF53,65-69,female,7224.65367122956,7484.74859720633,7528.09775153579,7571.44690586526,7614.79606019472,7441.39944287687
Hauts-Bassins,BF53,70-74,female,3494.95881568506,5177.76206117556,5458.22926875731,5738.69647633906,6019.16368392081,4897.29485359381
Hauts-Bassins,BF53,75-79,female,2647.3008939704,1641.71120983731,1474.11292914847,1306.51464845962,1138.91636777077,1809.30949052616
Hauts-Bassins,BF53,80-84,female,0,1096.61728182744,1279.38682879868,1462.15637576992,1644.92592274116,913.847734856199
Hauts-Bassins,BF53,85-89,female,0,0,0,0,0,0
Hauts-Bassins,BF53,35-39,male,37427.357466478,49137.3202764454,51088.9807447733,53040.6412131012,54992.3016814291,47185.6598081175
Hauts-Bassins,BF53,40-44,male,28742.1239916786,37629.4510982111,39110.6722826332,40591.8934670552,42073.1146514773,36148.229913789
Hauts-Bassins,BF53,1-4,male,148509.667884408,161528.330538816,163698.107647884,165867.884756952,168037.66186602,159358.553429748
Hauts-Bassins,BF53,45-49,male,23525.7675503576,28163.57114031,28936.538405302,29709.5056702941,30482.4729352861,27390.6038753179
Hauts-Bassins,BF53,50-54,male,17513.9167517352,22841.2502060953,23729.1391151553,24617.0280242153,25504.9169332753,21953.3612970352
Hauts-Bassins,BF53,55-59,male,13784.2218961907,16216.1547663491,16621.4769113755,17026.7990564019,17432.1212014283,15810.8326213227
Hauts-Bassins,BF53,60-64,male,10393.590209332,12061.0003607633,12338.9020526685,12616.8037445738,12894.705436479,11783.0986688581
Hauts-Bassins,BF53,65-69,male,6833.42693813048,8329.56917237543,8578.92621141625,8828.28325045708,9077.6402894979,8080.2121333346
Hauts-Bassins,BF53,70-74,male,3847.06287547422,4626.43372496044,4756.32886654147,4886.22400812251,5016.11914970355,4496.5385833794
Hauts-Bassins,BF53,75-79,male,2216.95148756142,1856.11757033072,1795.9785841256,1735.83959792049,1675.70061171537,1916.25655653584
Hauts-Bassins,BF53,80-84,male,0,863.603184741726,1007.53704886535,1151.47091298897,1295.40477711259,719.669320618105
Hauts-Bassins,BF53,85-89,male,0,0,0,0,0,0
Hauts-Bassins,BF53,90-94,male,0,0,0,0,0,0
Hauts-Bassins,BF53,90-94,female,0,0,0,0,0,0
Nord,BF54,0,male,140463.438073671,164358.886998809,168341.461819666,172324.036640522,176306.611461378,160376.312177953
Nord,BF54,5-9,male,108408.927741753,144282.219195979,150261.101105017,156239.983014055,162218.864923093,138303.337286942
Nord,BF54,100-104,male,0,0,0,0,0,0
Nord,BF54,105-109,male,0,0,0,0,0,0
Nord,BF54,110-114,male,0,0,0,0,0,0
Nord,BF54,115-119,male,0,0,0,0,0,0
Nord,BF54,120-124,male,0,0,0,0,0,0
Nord,BF54,125-129,male,0,0,0,0,0,0
Nord,BF54,10-14,male,77410.7295892033,113435.07872259,119439.136911488,125443.195100386,131447.253289284,107431.020533692
Nord,BF54,15-19,male,45864.8140103147,82581.1146564812,88700.4980975089,94819.8815385367,100939.264979564,76461.7312154534
Nord,BF54,20-24,male,39592.1453896262,46238.2311526707,47345.9121131781,48453.5930736855,49561.2740341929,45130.5501921633
Nord,BF54,25-29,male,31245.9750835127,40378.92601704,41901.0845059612,43423.2429948824,44945.4014838036,38856.7675281187
Nord,BF54,30-34,male,28350.8972585795,31026.2331835657,31472.1225043967,31918.0118252278,32363.9011460588,30580.3438627347
Nord,BF54,35-39,male,24256.0574521426,28284.007992662,28955.3330827486,29626.6581728351,30297.9832629217,27612.6829025754
Nord,BF54,95-99,male,0,0,0,0,0,0
Nord,BF54,1-4,male,139759.229954092,136210.198704343,135618.693496051,135027.188287759,134435.683079468,136801.703912634
Nord,BF54,45-49,male,17513.9167517352,18553.8116165838,18727.1274273919,18900.4432382,19073.7590490081,18380.4958057757
Nord,BF54,50-54,male,13510.3631830213,16909.9017742597,17476.4915394661,18043.0813046725,18609.6710698789,16343.3120090533
Nord,BF54,55-59,male,13288.6680342652,11978.1667777345,11759.749901646,11541.3330255576,11322.9161494691,12196.5836538229
Nord,BF54,60-64,male,9206.86911893153,11790.0151474753,12220.539485566,12651.0638236566,13081.5881617472,11359.4908093847
Nord,BF54,65-69,male,7994.0662463244,6990.33838811317,6823.05041174463,6655.76243537609,6488.47445900755,7157.62636448171
Nord,BF54,70-74,male,6116.17792744885,5089.08652860516,4917.90462879788,4746.7227289906,4575.54082918332,5260.26842841244
Nord,BF54,75-79,male,3899.22643988743,2875.99434635434,2705.45566409882,2534.91698184331,2364.37829958779,3046.53302860985
Nord,BF54,80-84,male,0,1518.92884390715,1772.083651225,2025.23845854286,2278.39326586072,1265.77403658929
Nord,BF54,85-89,male,0,0,0,0,0,0
Nord,BF54,90-94,male,0,0,0,0,0,0
Nord,BF54,20-24,female,59088.2775890634,67789.8618657007,69240.1259118069,70690.3899579131,72140.6540040193,66339.5978195944
Nord,BF54,40-44,male,19287.4779417843,24254.9113568464,25082.8169260234,25910.7224952004,26738.6280643774,23427.0057876694
Nord,BF54,0,female,138559.467972589,158095.078012534,161351.013019192,164606.948025849,167862.883032507,154839.143005877
Nord,BF54,5-9,female,100349.657039912,144879.644914835,152301.309560655,159722.974206475,167144.638852296,137457.980269014
Nord,BF54,95-99,female,0,0,0,0,0,0
Nord,BF54,100-104,female,0,0,0,0,0,0
Nord,BF54,105-109,female,0,0,0,0,0,0
Nord,BF54,110-114,female,0,0,0,0,0,0
Nord,BF54,115-119,female,0,0,0,0,0,0
Nord,BF54,120-124,female,0,0,0,0,0,0
Nord,BF54,125-129,female,0,0,0,0,0,0
Nord,BF54,10-14,female,84948.3646469121,102146.551157929,105012.915576432,107879.279994935,110745.644413438,99280.1867394264
Nord,BF54,15-19,female,67499.6523506935,87054.5896329782,90313.7458466923,93572.9020604064,96832.0582741205,83795.4334192641
Nord,BF54,80-84,female,0,1831.29985328574,2136.51649550003,2441.73313771432,2746.94977992861,1526.08321107145
Nord,BF54,25-29,female,46595.1039120997,60186.8060935184,62452.0897904216,64717.3734873247,66982.6571842278,57921.5223966153
Nord,BF54,30-34,female,39135.7142010106,46873.2597413542,48162.8506647448,49452.4415881353,50742.0325115259,45583.6688179636
Nord,BF54,35-39,female,34480.1160771317,38925.2973766563,39666.160926577,40407.0244764978,41147.8880264185,38184.4338267355
Nord,BF54,40-44,female,28455.2243874059,34497.0738129066,35504.0487171568,36511.0236214069,37517.998525657,33490.0989086565
Nord,BF54,1-4,female,139198.47163665,133987.974893873,133119.558770077,132251.142646281,131382.726522485,134856.39101767
Nord,BF54,45-49,female,22834.6003218826,28324.2474055641,29239.1885861777,30154.1297667913,31069.0709474049,27409.3062249505
Nord,BF54,50-54,female,18335.4928912432,22324.9854789671,22989.9009102544,23654.8163415417,24319.731772829,21660.0700476798
Nord,BF54,55-59,female,17005.3219987064,16890.9550782957,16871.8939248939,16852.8327714921,16833.7716180903,16910.0162316975
Nord,BF54,60-64,female,10993.471200084,15675.9600857186,16456.374899991,17236.7897142635,18017.2045285359,14895.5452714462
Nord,BF54,65-69,female,10941.3076356708,8340.02757302954,7906.48089592267,7472.93421881579,7039.38754170892,8773.57425013642
Nord,BF54,70-74,female,6624.77268047764,7575.05335041474,7733.43346207092,7891.8135737271,8050.19368538328,7416.67323875855
Nord,BF54,75-79,female,4420.86208401953,3231.34894285516,3033.0967526611,2834.84456246703,2636.59237227297,3429.60113304922
Nord,BF54,85-89,female,0,0,0,0,0,0
Nord,BF54,90-94,female,0,0,0,0,0,0
Plateau Central,BF55,0,male,81010.0155337148,83502.2165331805,83917.5833664248,84332.9501996691,84748.3170329134,83086.8496999362
Plateau Central,BF55,0,female,81336.0378112974,79994.6115701241,79771.0405299286,79547.469489733,79323.8984495375,80218.1826103197
Plateau Central,BF55,5-9,female,57327.7572901176,80358.5382207818,84197.0017092258,88035.4651976699,91873.9286861139,76520.0747323378
Plateau Central,BF55,95-99,female,0,0,0,0,0,0
Plateau Central,BF55,100-104,female,0,0,0,0,0,0
Plateau Central,BF55,105-109,female,0,0,0,0,0,0
Plateau Central,BF55,110-114,female,0,0,0,0,0,0
Plateau Central,BF55,115-119,female,0,0,0,0,0,0
Plateau Central,BF55,120-124,female,0,0,0,0,0,0
Plateau Central,BF55,125-129,female,0,0,0,0,0,0
Plateau Central,BF55,10-14,female,48303.4606466323,58399.4497861864,60082.1146427787,61764.7794993711,63447.4443559634,56716.784929594
Plateau Central,BF55,15-19,female,39631.2680629361,49251.1841328784,50854.5034778688,52457.8228228592,54061.1421678495,47647.864787888
Plateau Central,BF55,20-24,female,34936.5472657472,39752.8849190764,40555.607861298,41358.3308035195,42161.053745741,38950.1619768549
Plateau Central,BF55,5-9,male,61161.7792744885,83394.0067831119,87099.3780345491,90804.7492859864,94510.1205374236,79688.6355316747
Plateau Central,BF55,95-99,male,0,0,0,0,0,0
Plateau Central,BF55,100-104,male,0,0,0,0,0,0
Plateau Central,BF55,105-109,male,0,0,0,0,0,0
Plateau Central,BF55,110-114,male,0,0,0,0,0,0
Plateau Central,BF55,115-119,male,0,0,0,0,0,0
Plateau Central,BF55,120-124,male,0,0,0,0,0,0
Plateau Central,BF55,125-129,male,0,0,0,0,0,0
Plateau Central,BF55,10-14,male,44730.2564843274,63786.0238476017,66961.9850748141,70137.9463020264,73313.9075292388,60610.0626203893
Plateau Central,BF55,15-19,male,27255.4624059021,47567.1844575562,50952.4714661652,54337.7584747742,57723.0454833832,44181.8974489471
Plateau Central,BF55,20-24,male,21947.819726858,27793.4027482302,28767.6665851256,29741.930422021,30716.1942589163,26819.1389113349
Plateau Central,BF55,25-29,male,18452.860911173,22157.6022233838,22775.0591087522,23392.5159941207,24009.9728794892,21540.1453380153
Plateau Central,BF55,30-34,male,16209.8276414049,18429.7577098142,18799.7460545491,19169.734399284,19539.7227440189,18059.7693650793
Plateau Central,BF55,35-39,male,14045.0397182567,16136.287477802,16484.8287710595,16833.3700643171,17181.9113575746,15787.7461845444
Plateau Central,BF55,40-44,male,11723.7611018689,13933.2390410979,14301.4853643027,14669.7316875075,15037.9780107123,13564.992717893
Plateau Central,BF55,1-4,male,80527.5025628926,78572.303001147,78246.4364075227,77920.5698138984,77594.7032202741,78898.1695947712
Plateau Central,BF55,45-49,male,10954.3485267741,11216.0871887828,11259.7102991176,11303.3334094524,11346.9565197872,11172.464078448
Plateau Central,BF55,50-54,male,9441.60515879097,10378.2970841497,10534.4124050428,10690.5277259359,10846.643046829,10222.1817632566
Plateau Central,BF55,55-59,male,7733.24842425835,8681.53936973982,8839.5878606534,8997.63635156697,9155.68484248055,8523.49087882624
Plateau Central,BF55,60-64,male,6337.87307620499,6665.11822138762,6719.65907891806,6774.19993644849,6828.74079397893,6610.57736385718
Plateau Central,BF55,65-69,male,5020.74307477144,4908.50131640459,4889.79435667678,4871.08739694897,4852.38043722116,4927.2082761324
Plateau Central,BF55,70-74,male,3560.16327120157,3252.47756477722,3201.1966137065,3149.91566263578,3098.63471156505,3303.75851584795
Plateau Central,BF55,75-79,male,1995.25633880527,1728.97488968472,1684.59464816463,1640.21440664454,1595.83416512444,1773.35513120481
Plateau Central,BF55,80-84,male,0,777.244284861164,906.784999004692,1036.32571314822,1165.86642729175,647.703570717637
Plateau Central,BF55,85-89,male,0,0,0,0,0,0
Plateau Central,BF55,90-94,male,0,0,0,0,0,0
Plateau Central,BF55,80-84,female,0,1037.19641538628,1210.06248461732,1382.92855384837,1555.79462307941,864.33034615523
Plateau Central,BF55,25-29,female,27933.5887432738,35509.3161957482,36771.9374378273,38034.5586799064,39297.1799219854,34246.6949536691
Plateau Central,BF55,30-34,female,24882.0202251011,27816.2899122839,28305.3348601477,28794.3798080115,29283.4247558753,27327.2449644201
Plateau Central,BF55,35-39,female,20852.3848741806,24962.1968408604,25647.1655019738,26332.1341630871,27017.1028242004,24277.2281797471
Plateau Central,BF55,40-44,female,17240.0580385658,20856.3823868152,21459.1031115234,22061.8238362316,22664.5445609398,20253.6616621069
Plateau Central,BF55,1-4,female,77488.9749358231,79496.9507006135,79831.6133280786,80166.2759555436,80500.9385830087,79162.2880731484
Plateau Central,BF55,45-49,female,14697.0842734219,16988.2332833798,17370.0914517061,17751.9496200324,18133.8077883587,16606.3751150535
Plateau Central,BF55,50-54,female,10941.3076356708,14541.0892742087,15141.0528806317,15741.0164870547,16340.9800934777,13941.1256677857
Plateau Central,BF55,55-59,female,9676.34119865042,10173.5551134799,10256.4240992849,10339.2930850898,10422.1620708947,10090.686127675
Plateau Central,BF55,60-64,female,5933.60545200261,8984.28592885268,9492.73267499436,10001.179421136,10509.6261672777,8475.839182711
Plateau Central,BF55,65-69,female,6064.01436303564,4469.72496345607,4204.01006352614,3938.29516359621,3672.58026366629,4735.439863386
Plateau Central,BF55,70-74,female,3247.18188472231,4283.22586167071,4455.89985782878,4628.57385398684,4801.24785014491,4110.55186551264
Plateau Central,BF55,75-79,female,2503.85109183407,1516.48220557741,1351.92072453463,1187.35924349185,1022.79776244908,1681.04368662019
Plateau Central,BF55,85-89,female,0,0,0,0,0,0
Plateau Central,BF55,90-94,female,0,0,0,0,0,0
Sahel,BF56,0,male,114955.455075611,126391.495423968,128297.502148694,130203.50887342,132109.515598147,124485.488699242
Sahel,BF56,100-104,male,0,0,0,0,0,0
Sahel,BF56,105-109,male,0,0,0,0,0,0
Sahel,BF56,110-114,male,0,0,0,0,0,0
Sahel,BF56,115-119,male,0,0,0,0,0,0
Sahel,BF56,120-124,male,0,0,0,0,0,0
Sahel,BF56,125-129,male,0,0,0,0,0,0
Sahel,BF56,10-14,male,60940.0841257323,83325.1459106507,87055.9895414704,90786.8331722901,94517.6768031099,79594.302279831
Sahel,BF56,15-19,male,48329.5424288389,62565.6661378101,64938.3534226386,67311.0407074671,69683.7279922957,60192.9788529815
Sahel,BF56,20-24,male,42774.122818832,48512.4419687486,49468.8284937347,50425.2150187208,51381.6015437069,47556.0554437625
Sahel,BF56,25-29,male,33815.0306308632,43612.8366086172,45245.8042715762,46878.7719345352,48511.7395974941,41979.8689456582
Sahel,BF56,30-34,male,27737.9753767243,34166.2090651039,35237.5813465005,36308.9536278971,37380.3259092937,33094.8367837073
Sahel,BF56,5-9,male,80318.8483052398,112393.013566703,117738.707776947,123084.401987191,128430.096197435,107047.319356459
Sahel,BF56,95-99,male,0,0,0,0,0,0
Sahel,BF56,0,female,113103.648538942,121604.258315932,123021.026612097,124437.794908262,125854.563204427,120187.490019767
Sahel,BF56,5-9,female,74880.7967151627,108944.633883719,114621.940078479,120299.246273238,125976.552467998,103267.32768896
Sahel,BF56,95-99,female,0,0,0,0,0,0
Sahel,BF56,100-104,female,0,0,0,0,0,0
Sahel,BF56,105-109,female,0,0,0,0,0,0
Sahel,BF56,110-114,female,0,0,0,0,0,0
Sahel,BF56,115-119,female,0,0,0,0,0,0
Sahel,BF56,120-124,female,0,0,0,0,0,0
Sahel,BF56,125-129,female,0,0,0,0,0,0
Sahel,BF56,10-14,female,67330.1207663505,75433.2585243956,76783.7814840698,78134.304443744,79484.8274034182,74082.7355647214
Sahel,BF56,15-19,female,57862.433825353,68127.0591044846,69837.8299843398,71548.6008641951,73259.3717440504,66416.2882246293
Sahel,BF56,20-24,female,49581.4679747559,58325.3612406351,59782.6767849482,61239.9923292614,62697.3078735746,56868.0456963219
Sahel,BF56,25-29,female,38014.1975661266,50720.1044498945,52837.7555971891,54955.4067444838,57073.0578917784,48602.4533025998
Sahel,BF56,30-34,female,29198.5551802942,38787.1214163169,40385.2157889874,41983.3101616579,43581.4045343283,37189.0270436465
Sahel,BF56,35-39,female,25690.5554735058,29048.4366180681,29608.0834754952,30167.7303329222,30727.3771903493,28488.7897606411
Sahel,BF56,40-44,female,20474.1990321848,25848.6283903621,26744.3666167249,27640.1048430878,28535.8430694507,24952.8901639992
Sahel,BF56,1-4,female,104574.905757382,111182.089451393,112283.286733729,113384.484016064,114485.681298399,110080.892169058
Sahel,BF56,45-49,female,16653.2179389172,20335.2985220036,20948.9786191847,21562.6587163658,22176.3388135469,19721.6184248226
Sahel,BF56,50-54,female,12193.2331815878,16517.3036967855,17237.9821159851,17958.6605351847,18679.3389543843,15796.6252775859
Sahel,BF56,55-59,female,10315.3448627122,11431.2539923374,11617.2388472749,11803.2237022124,11989.20855715,11245.2691373999
Sahel,BF56,60-64,female,5790.15564986629,9684.6353427878,10333.7152916081,10982.7952404283,11631.8751892486,9035.55539396755
Sahel,BF56,65-69,female,5751.03297655638,4394.9330737488,4168.91642328087,3942.89977281294,3716.88312234502,4620.94972421673
Sahel,BF56,70-74,female,2829.87336941663,4112.09321625174,4325.7965240576,4539.49983186345,4753.2031396693,3898.38990844589
Sahel,BF56,75-79,female,2099.58346763169,1338.08581479076,1211.16953931727,1084.25326384378,957.336988370296,1465.00209026425
Sahel,BF56,80-84,female,0,869.731286560807,1014.68650098761,1159.64171541441,1304.59692984121,724.776072134006
Sahel,BF56,35-39,male,25455.8194336464,27327.7831842835,27639.7771427231,27951.7711011626,28263.7650596021,27015.789225844
Sahel,BF56,40-44,male,20878.4666563872,25327.2990177232,26068.7710779459,26810.2431381686,27551.7151983912,24585.8269575005
Sahel,BF56,1-4,male,108174.191701894,112715.586317298,113472.485419866,114229.384522433,114986.283625,111958.687214731
Sahel,BF56,45-49,male,17318.3033851857,20412.4019212047,20928.0850105412,21443.7680998777,21959.4511892142,19896.7188318682
Sahel,BF56,50-54,male,14149.3668470832,16563.0794806904,16965.3649196249,17367.6503585594,17769.9357974939,16160.7940417558
Sahel,BF56,55-59,male,10863.0622890509,13155.5481389329,13537.6291139132,13919.7100888936,14301.7910638739,12773.4671639526
Sahel,BF56,60-64,male,7915.82089970459,9560.06271202635,9834.10301407998,10108.1433161336,10382.1836181872,9286.02240997273
Sahel,BF56,65-69,male,6194.42327406866,6145.84262041718,6137.7458448086,6129.64906920002,6121.55229359144,6153.93939602576
Sahel,BF56,70-74,male,3142.85475589589,4262.70640091515,4449.3483417517,4635.99028258824,4822.63222342478,4076.06446007861
Sahel,BF56,75-79,male,1812.68386335904,1516.04585162452,1466.6061830021,1417.16651437968,1367.72684575726,1565.48552024694
Sahel,BF56,80-84,male,0,706.122957882211,823.810117529247,941.497277176282,1059.18443682332,588.435798235176
Sahel,BF56,85-89,male,0,0,0,0,0,0
Sahel,BF56,90-94,male,0,0,0,0,0,0
Sahel,BF56,85-89,female,0,0,0,0,0,0
Sahel,BF56,90-94,female,0,0,0,0,0,0
Sud-Ouest,BF57,0,male,69194.9681941228,60412.1919765328,58948.3959402678,57484.5999040028,56020.8038677378,61875.9880127978
Sud-Ouest,BF57,100-104,male,0,0,0,0,0,0
Sud-Ouest,BF57,105-109,male,0,0,0,0,0,0
Sud-Ouest,BF57,110-114,male,0,0,0,0,0,0
Sud-Ouest,BF57,115-119,male,0,0,0,0,0,0
Sud-Ouest,BF57,120-124,male,0,0,0,0,0,0
Sud-Ouest,BF57,125-129,male,0,0,0,0,0,0
Sud-Ouest,BF57,10-14,male,40361.5579647211,60069.4432314282,63354.0907758794,66638.7383203306,69923.3858647818,56784.795686977
Sud-Ouest,BF57,15-19,male,26512.1316130139,42537.7072914185,45208.6365711526,47879.5658508867,50550.4951306208,39866.7780116844
Sud-Ouest,BF57,20-24,male,23564.8902236675,26592.3534680077,27096.9306753978,27601.5078827878,28106.0850901779,26087.7762606177
Sud-Ouest,BF57,25-29,male,19117.9463574414,23929.1565724305,24731.0249415954,25532.8933107602,26334.7616799251,23127.2882032657
Sud-Ouest,BF57,30-34,male,16940.1175431899,19064.8798283879,19419.0068759209,19773.1339234539,20127.2609709869,18710.7527808549
Sud-Ouest,BF57,5-9,male,57301.675507911,75679.6768787957,78742.6771072764,81805.6773357572,84868.677564238,72616.6766503149
Sud-Ouest,BF57,95-99,male,0,0,0,0,0,0
Sud-Ouest,BF57,1-4,male,73381.0942382829,66193.1348941057,64995.1416700762,63797.1484460467,62599.1552220172,67391.1281181353
Sud-Ouest,BF57,45-49,male,10315.3448627122,11850.9602236488,12106.8961171383,12362.8320106277,12618.7679041171,11595.0243301594
Sud-Ouest,BF57,50-54,male,8776.51971252255,9795.76887236401,9965.64373233759,10135.5185923112,10305.3934522847,9625.89401239044
Sud-Ouest,BF57,55-59,male,7746.28931536165,7958.44133027238,7993.79999942417,8029.15866857596,8064.51733772774,7923.08266112059
Sud-Ouest,BF57,60-64,male,6103.13703634555,6725.44695457129,6829.16527427558,6932.88359397987,7036.60191368416,6621.728634867
Sud-Ouest,BF57,65-69,male,3860.10376657753,4921.64333051125,5098.56659116687,5275.48985182249,5452.41311247811,4744.72006985563
Sud-Ouest,BF57,70-74,male,2151.7470320449,2617.68768264831,2695.34445774888,2773.00123284945,2850.65800795002,2540.03090754774
Sud-Ouest,BF57,75-79,male,965.025941644381,1093.16142247638,1114.51733594838,1135.87324942038,1157.22916289238,1071.80550900438
Sud-Ouest,BF57,80-84,male,0,375.921153057442,438.574678567015,501.228204076589,563.881729586162,313.267627547868
Sud-Ouest,BF57,85-89,male,0,0,0,0,0,0
Sud-Ouest,BF57,90-94,male,0,0,0,0,0,0
Sud-Ouest,BF57,35-39,male,13979.8352627402,17002.9140593533,17506.7605254555,18010.6069915577,18514.4534576598,16499.0675932511
Sud-Ouest,BF57,40-44,male,12167.1513993812,13769.0179244518,14035.9956786303,14302.9734328087,14569.9511869871,13502.0401702734
Sud-Ouest,BF57,0,female,71724.9010681635,57342.5958513158,54945.5449818412,52548.4941123666,50151.443242892,59739.6467207904
Sud-Ouest,BF57,5-9,female,47507.9662893308,71149.689503833,75089.97670625,79030.2639086671,82970.5511110841,67209.4023014159
Sud-Ouest,BF57,95-99,female,0,0,0,0,0,0
Sud-Ouest,BF57,100-104,female,0,0,0,0,0,0
Sud-Ouest,BF57,105-109,female,0,0,0,0,0,0
Sud-Ouest,BF57,110-114,female,0,0,0,0,0,0
Sud-Ouest,BF57,115-119,female,0,0,0,0,0,0
Sud-Ouest,BF57,120-124,female,0,0,0,0,0,0
Sud-Ouest,BF57,125-129,female,0,0,0,0,0,0
Sud-Ouest,BF57,10-14,female,36566.6586536601,49088.634022801,51175.6299176578,53262.6258125146,55349.6217073714,47001.6381279441
Sud-Ouest,BF57,15-19,female,31128.6070635829,37058.6412963583,38046.9803351542,39035.3193739501,40023.658412746,36070.3022575624
Sud-Ouest,BF57,20-24,female,30776.5030037938,30556.9864983897,30520.4004141557,30483.8143299216,30447.2282456876,30593.5725826237
Sud-Ouest,BF57,25-29,female,26094.8230977082,30983.5880695133,31798.3822314808,32613.1763934483,33427.9705554158,30168.7939075458
Sud-Ouest,BF57,30-34,female,24464.7117097954,25741.151757042,25953.8917649164,26166.6317727908,26379.3717806653,25528.4117491675
Sud-Ouest,BF57,35-39,female,20187.2994279122,24606.6458921143,25343.203636148,26079.7613801817,26816.3191242154,23870.0881480806
Sud-Ouest,BF57,40-44,female,17422.6305140121,20044.698033308,20481.709286524,20918.72053974,21355.731792956,19607.686780092
Sud-Ouest,BF57,1-4,female,68060.4106681355,70157.5348749956,70507.055576139,70856.5762772823,71206.0969784257,69808.0141738523
Sud-Ouest,BF57,45-49,female,13627.7312029511,17413.1549267538,18044.058880721,18674.9628346881,19305.8667886552,16782.2509727867
Sud-Ouest,BF57,50-54,female,11515.1068442161,13209.1134909675,13491.4479320927,13773.7823732179,14056.1168143431,12926.7790498422
Sud-Ouest,BF57,55-59,female,9324.23713886125,10879.0130856,11138.1424100564,11397.2717345129,11656.4010589693,10619.8837611435
Sud-Ouest,BF57,60-64,female,7159.44921571305,8369.01608574669,8570.61056408563,8772.20504242456,8973.7995207635,8167.42160740775
Sud-Ouest,BF57,65-69,female,4446.94386622614,5967.11920135614,6220.48175721114,6473.84431306614,6727.20686892114,5713.75664550114
Sud-Ouest,BF57,70-74,female,2699.46445838361,3077.3908236597,3140.37855120572,3203.36627875173,3266.35400629775,3014.40309611369
Sud-Ouest,BF57,75-79,female,1212.80287260713,1434.43194981104,1471.37012934503,1508.30830887902,1545.246488413,1397.49377027706
Sud-Ouest,BF57,80-84,female,0,502.391146977429,586.123004807001,669.854862636572,753.586720466144,418.659289147858
Sud-Ouest,BF57,85-89,female,0,0,0,0,0,0
Sud-Ouest,BF57,90-94,female,0,0,0,0,0,0
